t_s,dV_mV,pp_mV,snr_dB,fwhm_ms,corr_pico
0.2112,460.0,637.0,43.814076804637395,1.2,580.7350014866837
0.6227999999999999,483.0,697.0,44.23786278603616,1.2,654.0759600127515
1.0343999999999998,425.0,629.0,43.12669877201215,1.2,540.3388522478207
1.4447999999999999,401.0,613.0,42.621807623409566,3.5999999999999996,565.6038349793638
1.8576,393.0,606.0,42.44677117851445,8.4,580.3823250000469
2.2704,469.0,654.0,43.98237702530758,0.0,615.1642508821808
2.6856,479.0,654.0,44.165630439297175,4.8,633.0995976442043
3.1056,491.0,704.0,44.38055001346528,4.8,672.1077818642016
3.528,491.0,701.0,44.38055001346528,4.8,669.9680908833079
3.9492,490.0,717.0,44.362841771576186,4.8,684.1122955823672
4.368,438.0,612.0,43.38840238108791,6.0,566.9516467354979
4.7916,471.0,701.0,44.01933831358384,4.8,662.5599241132643
5.214,479.0,696.0,44.165630439297175,4.8,664.1715769955074
5.6328000000000005,452.0,678.0,43.661688867233565,7.199999999999999,655.1446505009465
6.0564,418.0,613.0,42.98244580650662,6.0,560.7370737330119
6.478800000000001,465.0,642.0,43.90797922880499,6.0,622.466348103728
6.8988000000000005,418.0,622.0,42.98244580650662,6.0,586.7173597806423
7.3224,400.0,617.0,42.60011999756516,8.4,618.3880901800135
7.749599999999999,458.0,690.0,43.7762297310833,7.199999999999999,666.2416211733407
8.1744,425.0,649.0,43.12669877201215,7.199999999999999,627.1190166919904
8.602799999999998,461.0,686.0,43.83293867879888,4.8,664.9620347747027
9.0228,427.0,596.0,43.16747767150639,6.0,553.6570644588352
9.45,459.0,694.0,43.79517388175114,7.199999999999999,671.2624236790014
9.876,449.0,632.0,43.60384699107237,4.8,607.2589605889591
10.3104,447.0,640.0,43.565070633644645,4.8,625.303574828637
10.726799999999999,371.0,572.0,41.946398363306834,8.4,536.3160272187525
11.1576,466.0,640.0,43.92663850480592,6.0,627.2209995907086
11.5824,463.0,655.0,43.87053999136498,4.8,623.9095688153678
12.018,420.0,610.0,43.023905978963924,6.0,574.6424874421816
12.432,392.0,598.0,42.42464151141506,8.4,585.3352574971655
12.8664,443.0,683.0,43.4869946954673,8.4,668.2821715745437
