k,OPT101,OPT101 tramo,BPW34 c1,BPW34 c2,BPW34 OR
3,50,24,34,31,35
4,28,16,32,31,32
5,20,16,31,31,31
6,18,15,31,31,31
7,14,14,31,31,31
8,14,14,31,31,31
9,14,14,31,31,31
10,14,14,31,31,31
11,14,14,31,31,31
12,14,14,31,31,31
13,14,14,31,31,31
14,14,14,31,31,31
15,14,14,31,31,31
16,14,14,31,31,31
17,14,14,31,31,31
18,14,14,31,31,31
19,14,14,31,31,31
20,14,14,31,31,31
21,14,14,31,31,31
22,14,14,31,31,31
23,14,14,31,31,31
24,14,14,31,31,31
25,14,14,31,31,31
26,14,14,31,31,31
27,14,14,31,31,31
28,12,14,31,31,31
29,12,14,31,31,31
30,11,14,31,31,31
35,9,10,31,31,31
40,3,8,31,31,31
45,0,2,31,31,31
50,0,0,31,31,31
55,0,0,31,31,31
60,0,0,31,31,31
65,0,0,31,31,31
70,0,0,31,31,31
75,0,0,31,31,31
80,0,0,31,31,31
85,0,0,31,31,31
90,0,0,31,31,31
95,0,0,31,31,31
100,0,0,31,31,31
105,0,0,31,31,31
110,0,0,31,31,31
115,0,0,31,31,31
120,0,0,31,31,31
125,0,0,31,31,31
130,0,0,31,31,31
135,0,0,31,31,31
140,0,0,31,31,31
145,0,0,31,31,31
150,0,0,31,31,31
155,0,0,31,31,31
160,0,0,31,31,31
165,0,0,31,31,31
170,0,0,31,31,31
175,0,0,31,31,31
180,0,0,31,31,31
185,0,0,31,31,31
190,0,0,31,31,31
195,0,0,31,31,31
200,0,0,31,31,31
